XMID,DBA,Status,Sales Rep,Portfolio,Date Added,Date Approved,Date Assigned,Date Created,Date Submitted,Date Closed,VIPStatus
,Bielong Engine & Automotive Repair,Draft,Cole Gassett,Cole Gassett - Level 3 Transactions,7/22/2022 1:38:00 PM,,,7/22/2022 1:38:00 PM,,,
,HOOK SERVICE COMPANY LLC,Draft,Shanqueena Harris,Shanqueena Harris,7/22/2022 1:27:31 PM,,,7/22/2022 1:27:31 PM,,,
,teppidmusclegummies.com,Received,Seth Proper,HRSUB - MerchantX LLC,7/22/2022 1:19:36 PM,,,7/22/2022 1:19:36 PM,7/22/2022 1:20:32 PM,,
,teppidketogummies.com,Received,Seth Proper,HRSUB - MerchantX LLC,7/22/2022 1:14:54 PM,,,7/22/2022 1:14:54 PM,7/22/2022 1:16:13 PM,,
,CALDWELLS FURNITURE AND BEDDING,Draft,Anthony Bilotti,Anthony Bilotti American 6.19,7/22/2022 1:14:04 PM,,,7/22/2022 1:14:04 PM,,,
,Coastal Waste & Recycling,Received,Adam Belcher,Meridian Blue Solutions,7/22/2022 1:12:50 PM,,,7/22/2022 1:12:50 PM,7/22/2022 1:31:03 PM,,
,teppidbraingummies.com,Received,Seth Proper,HRSUB - MerchantX LLC,7/22/2022 12:59:59 PM,,,7/22/2022 12:59:59 PM,7/22/2022 1:09:53 PM,,
,Pyro Tech Unlimited,Received,Josh Dempsey,Enhanced Payment Systems LLC,7/22/2022 12:46:41 PM,,,7/22/2022 12:46:41 PM,7/22/2022 12:47:48 PM,,
,Sunny Summers Cafe,Draft,Carla Raines,Proudly,7/22/2022 12:46:34 PM,,,7/22/2022 12:46:34 PM,,,
,Jimmy Auto Mufflers,Draft,Mustafa Ghulam,SCORE - Mustafa/CD,7/22/2022 12:43:47 PM,,,7/22/2022 12:43:47 PM,,,
,composeddynamicclearpr,Received,Emily Welling,8915267,7/22/2022 12:29:58 PM,,,7/22/2022 12:29:58 PM,7/22/2022 12:32:20 PM,,
,Lamar Little Auto Paint & Body,Received,Josh Dempsey,Enhanced Payment Systems LLC,7/22/2022 12:14:49 PM,,,7/22/2022 12:14:49 PM,7/22/2022 12:16:06 PM,,
,TOURBEAVER,Draft,Andrew Pollina,Andrew Pollina,7/22/2022 12:01:39 PM,,,7/22/2022 12:01:39 PM,,,
,GENEVA DISCOUNT FURNITURE,Received,Heather Schiefert,SignaPay MN,7/22/2022 11:47:59 AM,,,7/22/2022 11:47:59 AM,7/22/2022 12:03:24 PM,,
,passiveorganizedmanage,Received,Emily Welling,8915267,7/22/2022 11:47:10 AM,,,7/22/2022 11:47:10 AM,7/22/2022 11:51:40 AM,,
,SPA WORLD,Draft,Andres Roh,Haru Payments,7/22/2022 11:45:54 AM,,,7/22/2022 11:45:54 AM,,,
,Tortugas Pizza Hoover,Draft,Steve Hicks,30A Connections,7/22/2022 11:32:41 AM,,,7/22/2022 11:32:42 AM,,,
,HEALTHY KITCHEN 33 INC,Received,Wilfredo  Leguisamon,Wilfredo Leguisamon,7/22/2022 11:27:18 AM,,,7/22/2022 11:27:18 AM,7/22/2022 11:42:04 AM,,
,ASIAN SPA,Draft,Fu Zhou,TEAM FZ (CD),7/22/2022 11:25:31 AM,,,7/22/2022 11:25:31 AM,,,
,Tortugas Pizza Railroad Park,Draft,Steve Hicks,30A Connections,7/22/2022 11:25:29 AM,,,7/22/2022 11:25:29 AM,,,
,MEDICAL MARIJUANA HEALTH CENTER OF SHREVEPORT BOSS,Received,Nevada Coastal,Nevada Coastal,7/22/2022 11:24:49 AM,,,7/22/2022 11:24:49 AM,7/22/2022 11:35:39 AM,,
,Appliances 4 less,Received,Penghui Wei,Penghui Wei,7/22/2022 11:21:22 AM,,,7/22/2022 11:21:22 AM,7/22/2022 11:21:22 AM,,
,U SMILE TIRES & AUTO SERVICE,Received,AMBER  RILEY ,AMBER RILEY,7/22/2022 11:08:56 AM,,,7/22/2022 11:08:56 AM,7/22/2022 11:50:33 AM,,
554402050040864,APRIL FLOWERS INC,Approved,Robert Fojo,Robert Fojo,7/22/2022 11:05:24 AM,7/22/2022 1:03:22 PM,,7/22/2022 11:05:24 AM,7/22/2022 11:12:56 AM,,
,Haus Of Vapes & Smoke Shop LLC,Draft,Zach Stanbrough,Korona POS,7/22/2022 11:05:20 AM,,,7/22/2022 11:05:20 AM,,,
554402000694547,La Pollera Colorada,Approved,Angelo Abbatiello,SCORE - SUB OMNI,7/22/2022 11:05:06 AM,7/22/2022 12:45:42 PM,,7/22/2022 11:05:06 AM,7/22/2022 11:34:59 AM,,
,Haus Of Vapes & Smoke Shop LLC,Draft,Zach Stanbrough,Korona POS,7/22/2022 11:02:18 AM,,,7/22/2022 11:02:18 AM,,,
,Haus Of Vapes & Smoke Shop LLC,Draft,Zach Stanbrough,Korona POS,7/22/2022 10:52:02 AM,,,7/22/2022 10:52:02 AM,,,
,JNC RT INC,Pending,Sophie Zhai,Yuchan Zhai(Mike Chu),7/22/2022 10:46:50 AM,,,7/22/2022 10:46:50 AM,7/22/2022 10:46:50 AM,,
,Liberty Dog Bakery,Received,Josh Dempsey,Enhanced Payment Systems LLC,7/22/2022 10:37:14 AM,,,7/22/2022 10:37:14 AM,7/22/2022 10:49:42 AM,,
,JOE'S BAKERY AND DELICATESSEN,Received,Dave Swaycus,Dave Swaycus,7/22/2022 10:32:30 AM,,,7/22/2022 10:32:31 AM,7/22/2022 11:03:06 AM,,
,PROS QUALITY TIRES AND WHEELS,Received,Paul Wright,Paul Wright,7/22/2022 10:29:56 AM,,,7/22/2022 10:29:56 AM,7/22/2022 11:14:32 AM,,
,DON RITE AUTO REPAIR,Draft,Eusebio Garza,Eusebio Garza,7/22/2022 10:28:21 AM,,,7/22/2022 10:28:22 AM,,,
,NATIONWIDE TRUCKING OF AMERICA LLC,Received,Wilfredo  Leguisamon,Wilfredo Leguisamon,7/22/2022 9:55:41 AM,,,7/22/2022 9:55:41 AM,7/22/2022 10:07:26 AM,,
554402050040872,BLACKSTONES GRILLE,Approved,Shannon Adams,Shannon Adams,7/22/2022 9:41:27 AM,7/22/2022 1:03:33 PM,,7/22/2022 9:41:27 AM,7/22/2022 9:50:26 AM,,
554402050040856,BLACKSTONE STEAKHOUSE,Approved,Shannon Adams,Shannon Adams,7/22/2022 9:21:55 AM,7/22/2022 12:09:11 PM,,7/22/2022 9:21:55 AM,7/22/2022 9:34:15 AM,,
,Wrap Shack 162 LLC,Received,Elinde Vazquez,Elinda Vazquez,7/22/2022 9:18:24 AM,,,7/22/2022 9:18:24 AM,7/22/2022 10:30:24 AM,,
,Kreimers Bier Haus,Draft,Ed Satterlee,Miami Savings Bank,7/22/2022 8:20:21 AM,,,7/22/2022 8:20:21 AM,,,
,Making You Smile Shop,Draft,Abby  Rodriguez,Digipay,7/22/2022 7:47:36 AM,,,7/22/2022 7:47:36 AM,,,
,DVC Bakery 2,Pending,Carson  Cook,Go Free Pay LLC,7/22/2022 6:29:48 AM,,,7/22/2022 6:29:48 AM,7/22/2022 7:08:12 AM,,
,DVC Bakery 1,Pending,Carson  Cook,Go Free Pay LLC,7/22/2022 6:20:41 AM,,,7/22/2022 6:20:41 AM,7/22/2022 6:36:00 AM,,
,Tree Service Media,Received,Scott Espenship,Priority Payments Florida East Coast,7/22/2022 2:34:31 AM,,,7/22/2022 2:34:31 AM,7/22/2022 2:53:58 AM,,
554402000694497,Country Club Produce,Approved,Scott Espenship,Priority Payments Florida East Coast,7/22/2022 12:18:32 AM,7/22/2022 8:31:51 AM,,7/22/2022 12:18:32 AM,7/22/2022 1:15:50 AM,,
,Hoptown Donuts,Draft,Gracyn  Young,Gracyn Young,7/21/2022 11:19:31 PM,,,7/21/2022 11:19:31 PM,,,
,Balanced Wellness,Received,Tim Reynolds,HRSS - Swoonlight,7/21/2022 11:03:56 PM,,,7/21/2022 11:03:57 PM,7/21/2022 11:06:24 PM,,
,Glowing Radiance,Received,Tim Reynolds,HRSS - Swoonlight,7/21/2022 10:19:11 PM,,,7/21/2022 10:19:11 PM,7/21/2022 10:24:32 PM,,
,Atlantis Fresh Market #160,Pending,Bufan Yang,Universal General,7/21/2022 8:46:08 PM,,,7/21/2022 8:46:08 PM,7/21/2022 8:46:08 PM,,
,E Massage Therapy,Declined,Tongzheng Deng,Tongzheng Deng(Yuhan Sun),7/21/2022 8:32:48 PM,,,7/21/2022 8:32:48 PM,7/21/2022 8:32:48 PM,7/22/2022 10:54:34 AM,
8739298450300911,Speedys Tires & Lube,Approved,Cason  Crozier ,Cason Carter Crozier,7/21/2022 7:56:40 PM,7/22/2022 5:43:18 AM,,7/21/2022 7:56:40 PM,7/21/2022 8:54:17 PM,,
,ACTIVEAGGRESSIVEDECISI,Received,Emily Welling,8915267,7/21/2022 7:41:09 PM,,,7/21/2022 7:41:09 PM,7/21/2022 7:47:01 PM,,
,Hometown Donuts,Draft,Gracyn  Young,Gracyn Young,7/21/2022 7:04:24 PM,,,7/21/2022 7:04:25 PM,,,
,"Fry Funeral Home, Inc",Received,Claudia Mosley,"Merchant Processing Solutions, Inc.",7/21/2022 6:24:46 PM,,,7/21/2022 6:24:46 PM,7/22/2022 10:20:20 AM,,
554402000694463,Taco Loco,Approved,Carson  Cook,Go Free Pay LLC,7/21/2022 5:55:00 PM,7/22/2022 3:06:41 AM,,7/21/2022 5:55:00 PM,7/21/2022 6:10:49 PM,,
554402050040831,AUTO ELITE CUSTOMZ LLC,Approved,Fouad Maalouf,Fouad Maalouf,7/21/2022 5:27:55 PM,7/22/2022 5:54:20 AM,,7/21/2022 5:27:55 PM,7/21/2022 5:41:00 PM,,
554402000694471,Sake Sushi,Approved,Debra   Holt,Enhanced House Accounts,7/21/2022 5:19:41 PM,7/22/2022 3:38:27 AM,,7/21/2022 5:19:41 PM,7/21/2022 5:32:16 PM,,
,Foot Reflexology,Pending,Aaron Huang,Aaron Huang(Hao Yuan),7/21/2022 5:16:36 PM,,,7/21/2022 5:16:36 PM,7/21/2022 5:16:36 PM,,
,REGAL NAILS SALON & SPA -1680,Received,Dan Nguyen,Charlie Ton,7/21/2022 5:04:19 PM,,,7/21/2022 5:04:19 PM,7/22/2022 11:54:43 AM,,
,TZ CLASSIC TOBACCO,Received,Matthew Quesada,Matthew Quesada,7/21/2022 4:57:44 PM,,,7/21/2022 4:57:44 PM,7/22/2022 11:13:18 AM,,
554402050040823,COWBOYS SHOP,Approved,Gavin Bradley ,Gavin Bradley,7/21/2022 4:57:12 PM,7/22/2022 1:33:16 AM,,7/21/2022 4:57:12 PM,7/21/2022 5:41:07 PM,,
56310000007940,XP Auto Center,Approved,Rocky Mansour,RNK Holdings Group LLC,7/21/2022 4:51:19 PM,7/22/2022 3:56:42 AM,,7/21/2022 4:51:19 PM,7/21/2022 5:45:39 PM,,
8739299330302354,ANOINTED TRANSMISSION,Approved,Anthony Lee,Anthony Lee - Team Brown,7/21/2022 4:50:49 PM,7/22/2022 9:12:47 AM,,7/21/2022 4:50:49 PM,7/21/2022 4:57:53 PM,,
,The Ticket Sports Bar & Grill,Draft,Duane Willoughby,Duane Willoughby,7/21/2022 4:47:26 PM,,,7/21/2022 4:47:26 PM,,,
8739299330302356,THE VAPE SHOP,Approved,Damani Nick,Damani Nick,7/21/2022 4:37:17 PM,7/22/2022 11:51:23 AM,,7/21/2022 4:37:17 PM,7/21/2022 5:48:37 PM,,
,Saviano's Italian Kitchen,Draft,Michael Gutierrez,TekElement,7/21/2022 4:34:25 PM,,,7/21/2022 4:34:25 PM,,,
554402009001991,Nails of United,Approved,Kevin Nguyen,251- Kevin Nguyen- 9351,7/21/2022 4:31:35 PM,7/22/2022 4:11:18 AM,,7/21/2022 4:31:35 PM,7/21/2022 4:36:38 PM,,
,Test,Draft,Crystal Deese,Rev POS,7/21/2022 4:06:07 PM,,,7/21/2022 4:06:07 PM,,,
,EL TEJANO TIRES,Pending,Sara  Jacobson,Sara Jacobson,7/21/2022 3:53:30 PM,,,7/21/2022 3:53:30 PM,7/21/2022 4:20:06 PM,,
,MotoDiscovery,Draft,Kristi Weinzetl,Kristi Weinzetl,7/21/2022 3:49:38 PM,,,7/21/2022 3:49:38 PM,,,
,ROUTE 23 HONDA - SERVICE & PARTS,Draft,Sandy Cerami,Sandy Cerami NZ0,7/21/2022 3:47:49 PM,,,7/21/2022 3:47:49 PM,,,
,ROUTE 23 HONDA - NZ0,Draft,Sandy Cerami,Sandy Cerami NZ0,7/21/2022 3:44:55 PM,,,7/21/2022 3:44:55 PM,,,
8739296600300099,Goodfellas Pizza & Pasta,Approved,Ryan Lockee,Consistent Growth,7/21/2022 3:37:24 PM,7/21/2022 5:35:14 PM,,7/21/2022 3:37:24 PM,7/21/2022 3:45:57 PM,,
,HEAVEN'S LITTLE ANGELS ACADEMY,Pending,Enrique Jimenez,Enrique Jimenez,7/21/2022 3:32:36 PM,,,7/21/2022 3:32:36 PM,7/21/2022 4:20:59 PM,,
,MAD GUNS,Draft,Angelo Mendola,Priority Payment Systems Local,7/21/2022 3:29:58 PM,,,7/21/2022 3:29:58 PM,,,
,PERFORMANCE FORD OF EAST HANOVER - NZ0,Draft,Sandy Cerami,Sandy Cerami NZ0,7/21/2022 3:25:19 PM,,,7/21/2022 3:25:19 PM,,,
56310000007939,BAXLEY AUTO LUBE AND TIRE,Approved,John Watson,John Watson,7/21/2022 3:22:58 PM,7/21/2022 5:46:08 PM,,7/21/2022 3:22:58 PM,7/21/2022 3:45:51 PM,,
8739296600300100,Upper Crust Deli,Approved,Ryan Lockee,Consistent Growth,7/21/2022 3:22:31 PM,7/21/2022 6:00:31 PM,,7/21/2022 3:22:32 PM,7/21/2022 3:46:23 PM,,
,Jenceyyoga.com,Received,Seth Proper,HRSS - MerchantX LLC,7/21/2022 3:17:57 PM,,,7/21/2022 3:17:57 PM,7/21/2022 3:21:53 PM,,
8739299330302353,THE DONUT SHOP,Approved,Jennifer Cavness,Jennifer Cavness - Rom,7/21/2022 3:15:24 PM,7/21/2022 6:04:37 PM,,7/21/2022 3:15:25 PM,7/21/2022 3:57:22 PM,,
8739297430301966,BILLS 1/2 PRICE BEDDING,Approved,Jonathan Gallup,Jonathan Gallup,7/21/2022 3:15:13 PM,7/21/2022 5:56:25 PM,,7/21/2022 3:15:13 PM,7/21/2022 3:35:08 PM,,
,PEACOCK LIQUOR,Pending,Mo Shamout,"POS 360, INC.",7/21/2022 3:14:14 PM,,,7/21/2022 3:14:14 PM,7/21/2022 3:31:02 PM,,
554402000694539,Meehan's of Huntington,Approved,John FitzMaurice,SCORE - SUB JFM,7/21/2022 3:13:07 PM,7/22/2022 12:41:57 PM,,7/21/2022 3:13:07 PM,7/22/2022 11:00:11 AM,,
,Jenceysoccer.com,Received,Seth Proper,HRSS - MerchantX LLC,7/21/2022 3:12:33 PM,,,7/21/2022 3:12:33 PM,7/21/2022 3:16:51 PM,,
554402050040815,GBG AUTO REPAIR,Approved,Ray Ingram,Ray Ingram,7/21/2022 3:12:14 PM,7/21/2022 5:29:24 PM,,7/21/2022 3:12:14 PM,7/21/2022 3:29:53 PM,,
,BLANCO TIRE & BRAKES,Draft,Doreen  Adamson,Doreen Adamson,7/21/2022 3:02:28 PM,,,7/21/2022 3:02:28 PM,,,
,Jenceypower.com,Received,Seth Proper,HRSS - MerchantX LLC,7/21/2022 3:02:12 PM,,,7/21/2022 3:02:12 PM,7/21/2022 3:11:14 PM,,
554402000694521,Lean To Tavern,Approved,Jerome Sannes,Jerome Sannes,7/21/2022 2:55:16 PM,7/22/2022 11:31:50 AM,,7/21/2022 2:55:16 PM,7/22/2022 8:56:21 AM,,
8739294100300190,MIKE POSEY AUTOMOTIVE,Approved,Blake Jones,Blake Jones,7/21/2022 2:53:48 PM,7/21/2022 5:08:27 PM,,7/21/2022 2:53:48 PM,7/21/2022 2:57:33 PM,,
8739299330302350,GARLAND TRUCK & TRAILER REPAIR,Approved,William Tift,William Tift,7/21/2022 2:50:09 PM,7/21/2022 3:31:36 PM,,7/21/2022 2:50:09 PM,7/21/2022 2:59:16 PM,,
,Graisse Perte,Received,Mick Maimes,GLP,7/21/2022 2:25:04 PM,,,7/21/2022 2:25:04 PM,7/22/2022 11:32:06 AM,,
,Chinese Massage,Declined,Tongzheng Deng,Tongzheng Deng(Yuhan Sun),7/21/2022 2:22:09 PM,,,7/21/2022 2:22:09 PM,7/21/2022 2:22:09 PM,7/21/2022 4:14:46 PM,
,Maximum Mobility,Draft,Will Willoughby,"Preferred Payment Partners, LLC",7/21/2022 2:19:56 PM,,,7/21/2022 2:19:56 PM,,,
,Amaze Supplements,Received,Mick Maimes,GLP,7/21/2022 2:19:28 PM,,,7/21/2022 2:19:28 PM,7/21/2022 2:20:02 PM,,
,Schoolcraft LLC,Draft,PPS WASH,Unitec Electronics_Recurring,7/21/2022 2:01:19 PM,,,7/21/2022 2:01:19 PM,7/21/2022 2:01:19 PM,,
,PERFORMANCE BUICK GMC - NZ0,Draft,Sandy Cerami,Sandy Cerami NZ0,7/21/2022 1:43:58 PM,,,7/21/2022 1:43:58 PM,,,
554402050040807,BOB DORSETT BODY SHOP INC,Approved,Jon Hunt,Joh Hunt,7/21/2022 1:40:56 PM,7/21/2022 4:49:19 PM,,7/21/2022 1:40:56 PM,7/21/2022 1:44:03 PM,,
,Moze Nail & Spa,Pending,Yang Li,Yang Li,7/21/2022 1:33:50 PM,,,7/21/2022 1:33:50 PM,7/21/2022 1:33:50 PM,,
,Dairy Queen White Oak,Received,Patrick Page,Patrick Page - Axis POS,7/21/2022 1:32:47 PM,,,7/21/2022 1:32:47 PM,7/22/2022 11:47:50 AM,,
8739296960300801,REIZ SPA,Approved,Fu Zhou,TEAM FZ (CD),7/21/2022 1:08:44 PM,7/22/2022 9:45:46 AM,,7/21/2022 1:08:44 PM,7/21/2022 2:22:30 PM,,
,24/7 TACTICAL,Pending,Luis Flores,Luis Flores,7/21/2022 12:59:53 PM,,,7/21/2022 12:59:53 PM,7/21/2022 1:37:54 PM,,
,ROYAL SPIRITS,Pending,Kevin Zhao,ZBS-Kevin,7/21/2022 12:55:19 PM,,,7/21/2022 12:55:19 PM,7/21/2022 2:26:21 PM,,
,menilabyedradiant.site,Received,Seth Proper,HRSS - MerchantX LLC,7/21/2022 12:49:17 PM,,,7/21/2022 12:49:17 PM,7/21/2022 12:53:05 PM,,
,DEL BIANCO PROSTHETICS and ORTHOTICS Online,Received,Sean Jones,PPSGC Future POS,7/21/2022 12:42:41 PM,,,7/21/2022 12:42:41 PM,7/21/2022 4:39:41 PM,,
,menilabyedmuscle.online,Received,Seth Proper,HRSS - MerchantX LLC,7/21/2022 12:41:21 PM,,,7/21/2022 12:41:21 PM,7/21/2022 12:47:43 PM,,
554402000694455,The Sun Shack,Approved,Lindsey Marion,Cashback House,7/21/2022 12:40:04 PM,7/21/2022 4:46:28 PM,,7/21/2022 12:40:04 PM,7/21/2022 12:42:49 PM,,
,menilabyedketo.com,Received,Seth Proper,HRSS - MerchantX LLC,7/21/2022 12:33:25 PM,,,7/21/2022 12:33:25 PM,7/21/2022 12:40:36 PM,,
,PERFORMANCE MASERATI ALFA ROMEO - SERVICE & PARTS,Draft,Sandy Cerami,Sandy Cerami,7/21/2022 12:21:42 PM,,,7/21/2022 12:21:42 PM,,,
,PERFORMANCE FORD LINCOLN - NZ0,Draft,Sandy Cerami,Sandy Cerami NZ0,7/21/2022 12:18:05 PM,,,7/21/2022 12:18:05 PM,,,
,PERFORMANCE MASERATI ALFA ROMEO - NZ0,Draft,Sandy Cerami,Sandy Cerami NZ0,7/21/2022 12:14:15 PM,,,7/21/2022 12:14:15 PM,,,
,Oriental Star Massage,Declined,Catherine Xu,Catherine Xu(Wenli Xiong),7/21/2022 12:08:37 PM,,,7/21/2022 12:08:37 PM,7/21/2022 12:08:37 PM,7/21/2022 1:29:46 PM,
56310000007934,JA-MAR LIQUORS,Approved,Ralph Zanfardino,ACCPC - Ralph Zanfardino - II,7/21/2022 12:04:33 PM,7/21/2022 2:06:15 PM,,7/21/2022 12:04:33 PM,7/21/2022 12:09:54 PM,,
,SURF OR SOUND REALITY,Pending,Noa Lager80,Noa Lager80 (AMS),7/21/2022 11:59:32 AM,,,7/21/2022 11:59:32 AM,7/21/2022 12:03:43 PM,,
554402000694448,Casa del Rio,Approved,Rob Johnson,Alex Baab,7/21/2022 11:45:13 AM,7/21/2022 3:06:45 PM,,7/21/2022 11:45:13 AM,7/21/2022 1:19:01 PM,,
554402000694414,Fancy Nails & Spa,Approved,Hikyuu Inc,Hikyuu Inc(Leila),7/21/2022 11:45:12 AM,7/21/2022 1:24:56 PM,,7/21/2022 11:45:12 AM,7/21/2022 11:45:12 AM,,
8739299330302348,TIRES UNLIMITED OF JACKSONVILLE,Approved,Sam Snyder,Sam Snyder,7/21/2022 11:42:26 AM,7/21/2022 2:17:01 PM,,7/21/2022 11:42:27 AM,7/21/2022 11:52:29 AM,,
,Tahiti Tan,Draft,Lindsey Marion,Cashback House,7/21/2022 11:37:17 AM,,,7/21/2022 11:37:17 AM,,,
,Wise Buys Discount Groceries,Draft,Charles Lewis,Data Technology Partners,7/21/2022 11:32:03 AM,,,7/21/2022 11:32:03 AM,,,
554402002223907,PHANTOM OF BROADWAY #1 - NZ0,Approved,Gazwan Nomeh,GNSA Corp NZ0,7/21/2022 11:31:40 AM,7/21/2022 3:50:44 PM,,7/21/2022 11:31:40 AM,7/21/2022 1:09:17 PM,,
,gadgemyinterest.com,Received,891 5251,8915251,7/21/2022 11:28:33 AM,,,7/21/2022 11:28:33 AM,7/21/2022 11:36:31 AM,,
,Lido's Pizza Restaurant,Draft,John Zybort,John Zybort,7/21/2022 11:13:43 AM,,,7/21/2022 11:13:43 AM,,,
554402000694430,Jhay Beauty Aesthetics,Approved,Debra   Holt,Enhanced House Accounts,7/21/2022 11:08:31 AM,7/21/2022 2:39:38 PM,,7/21/2022 11:08:31 AM,7/21/2022 11:14:07 AM,,
554402000694380,SOCCER CITY 1852 VISALIA,Approved,Ali Tousi,Ali Tousi,7/21/2022 10:54:29 AM,7/21/2022 12:31:47 PM,,7/21/2022 10:54:29 AM,7/21/2022 11:35:29 AM,,
,LOU DICHIARO'S BASEBALL & SOFTBALL - NZ0,Received,John Pyonteck,John Pyonteck NZO Override 65,7/21/2022 10:49:52 AM,,,7/21/2022 10:49:52 AM,7/22/2022 1:01:48 PM,,
,Jessica Tanner Photography,Pending,Robert Montgomery,Robert Montgomery,7/21/2022 10:32:58 AM,,,7/21/2022 10:32:58 AM,7/21/2022 10:41:08 AM,,
554402000694372,Lux Tan and Cryo Beaverton,Approved,Lindsey Marion,Cashback House,7/21/2022 10:24:15 AM,7/21/2022 11:00:07 AM,,7/21/2022 10:24:15 AM,7/21/2022 10:26:54 AM,,
554402000694406,Arapahoe Meat Co,Approved,Debra   Holt,Enhanced House Accounts,7/21/2022 10:21:17 AM,7/21/2022 1:07:49 PM,,7/21/2022 10:21:17 AM,7/21/2022 10:38:55 AM,,
,BEE'S CONSTRUCTION,Received,Jay  Seale,Jay Seale2,7/21/2022 10:21:15 AM,,,7/21/2022 10:21:15 AM,7/21/2022 12:04:00 PM,,
554402000694422,Lindy's Rest,Approved,Angelo Abbatiello,SCORE - Angelo Abbatiello,7/21/2022 10:15:44 AM,7/21/2022 2:27:24 PM,,7/21/2022 10:15:44 AM,7/21/2022 10:59:03 AM,,
554402050040781,A & L TIRE & AUTO,Approved,Gabriel  Grijalva,Gabriel Grijalva,7/21/2022 10:15:38 AM,7/21/2022 3:01:38 PM,,7/21/2022 10:15:38 AM,7/21/2022 12:25:06 PM,,
,Maybank Public House,Draft,Paul Lackey,Ambit Technologies,7/21/2022 10:09:39 AM,,,7/21/2022 10:09:40 AM,,,
,8886110871AmericanBod.com,Received,Josh Russell ,PC Commerce,7/21/2022 10:09:14 AM,,,7/21/2022 10:09:15 AM,7/21/2022 10:12:10 AM,,
,8883837021RawMealsUSA.com,Received,Josh Russell ,PC Commerce,7/21/2022 10:02:13 AM,,,7/21/2022 10:02:13 AM,7/21/2022 10:05:15 AM,,
8739299330302352,D'S MOBILE WASH,Approved,Jay Seale,Jay Seale,7/21/2022 9:50:47 AM,7/21/2022 3:58:33 PM,,7/21/2022 9:50:47 AM,7/21/2022 12:09:30 PM,,
8739297330300357,PANDA BREAK,Approved,Yang Li,Yang Li,7/21/2022 9:46:18 AM,7/21/2022 11:19:13 AM,,7/21/2022 9:46:18 AM,7/21/2022 9:46:18 AM,,
,Jim's Auto Repair,Pending,Josh Dempsey,Enhanced Payment Systems LLC,7/21/2022 9:42:36 AM,,,7/21/2022 9:42:37 AM,7/21/2022 9:43:48 AM,,
,Coleman Public House,Draft,Paul Lackey,Ambit Technologies,7/21/2022 9:41:53 AM,,,7/21/2022 9:41:53 AM,,,
554402000694356,Oakes Tire & Service,Approved,Debra   Holt,Enhanced House Accounts,7/21/2022 9:23:52 AM,7/21/2022 10:22:14 AM,,7/21/2022 9:23:52 AM,7/21/2022 9:34:25 AM,,
8739297355300349,CLIFFS QUALITY MEATS,Approved,Bruce Bartolotta,PPS East,7/21/2022 9:18:45 AM,7/21/2022 11:59:12 AM,,7/21/2022 9:18:46 AM,7/21/2022 10:14:31 AM,,
8739299330302351,"CAROLINA PRINTER SERVICE,INC",Approved,JOHNNY WARREN,JOHNNY WARREN,7/21/2022 9:00:03 AM,7/21/2022 3:37:21 PM,,7/21/2022 9:00:03 AM,7/21/2022 9:16:02 AM,,
,Dave's Gas,Received,Mohammad Arif,Mohammad Arif,7/21/2022 8:44:41 AM,,,7/21/2022 8:44:41 AM,7/22/2022 11:33:57 AM,,
,AKAI LIFE LLC,Received,Taylor Treadway,CBD - PAYMENTCLOUD,7/21/2022 8:38:12 AM,,,7/21/2022 8:38:12 AM,7/21/2022 9:32:40 AM,,
,Infinite Shopping Co,Received,Abby  Rodriguez,Digipay,7/21/2022 8:36:52 AM,,,7/21/2022 8:36:52 AM,7/21/2022 8:41:29 AM,,
8739296920300882,BEST QUALITY LIQUOR,Approved,Faheem Bilal,Faheem Bilal - TC,7/21/2022 8:32:24 AM,7/21/2022 3:06:15 PM,,7/21/2022 8:32:24 AM,7/21/2022 10:48:18 AM,,
8739294100300189,CEM TAHIR PA,Approved,Khalid Noohani,Khalid Noohani,7/21/2022 8:21:55 AM,7/21/2022 10:18:44 AM,,7/21/2022 8:21:55 AM,7/21/2022 8:23:44 AM,,
8739298450300912,J-Peno's Cafe,Approved,Cason  Crozier ,Cason Carter Crozier,7/21/2022 12:14:09 AM,7/22/2022 8:51:19 AM,,7/21/2022 12:14:09 AM,7/21/2022 8:42:12 PM,,
,Gaudy Gadgets,Received,Tim Reynolds,HRSS - Swoonlight,7/20/2022 10:57:21 PM,,,7/20/2022 10:57:21 PM,7/20/2022 11:01:19 PM,,
,Zesty Pet Shoppe,Received,Tim Reynolds,HRSS - Swoonlight,7/20/2022 10:50:25 PM,,,7/20/2022 10:50:26 PM,7/20/2022 10:55:10 PM,,
,Auto Rapid Gears,Received,Tim Reynolds,HRSS - Swoonlight,7/20/2022 10:35:53 PM,,,7/20/2022 10:35:53 PM,7/20/2022 10:41:20 PM,,
554402000694349,Norman B Gayle M.D. P.A.,Approved,Robin Summers,Robin Summers,7/20/2022 10:03:21 PM,7/21/2022 9:40:42 AM,,7/20/2022 10:03:21 PM,7/20/2022 10:14:52 PM,,
,Asta Parking,Draft,Chad Tiedt,SimpliPay LLC,7/20/2022 9:19:19 PM,,,7/20/2022 9:19:19 PM,,,
,"Wade's Cyclovac, LLC",Draft,Aaron Miller,Aaron Miller,7/20/2022 9:14:39 PM,,,7/20/2022 9:14:39 PM,,,
,Asta Parking,Draft,Chad Tiedt,SimpliPay LLC,7/20/2022 9:08:59 PM,,,7/20/2022 9:08:59 PM,,,
,Asta Parking,Draft,Chad Tiedt,SimpliPay LLC,7/20/2022 8:57:51 PM,,,7/20/2022 8:57:51 PM,,,
8739290002300645,Island Colors,Approved,Robin J Wood,Robin Wood,7/20/2022 8:53:31 PM,7/21/2022 3:18:22 PM,,7/20/2022 8:53:31 PM,7/21/2022 2:28:20 PM,,
,musclespecific.com,Received,891 5251,8915251,7/20/2022 8:40:36 PM,,,7/20/2022 8:40:36 PM,7/21/2022 11:17:35 AM,,
,Betram's Salmon Valley Brewery,Pending,Bubba Young,Khamu Solutions,7/20/2022 8:17:16 PM,,,7/20/2022 8:17:16 PM,7/20/2022 8:29:31 PM,,
,ketoflexpro.com,Received,891 5251,8915251,7/20/2022 8:13:29 PM,,,7/20/2022 8:13:29 PM,7/20/2022 8:31:14 PM,,
8739299205300196,CHOZA MURRYHILL,Approved,Bubba Young,VPOS - Existing,7/20/2022 7:50:27 PM,7/21/2022 12:18:23 PM,,7/20/2022 7:50:27 PM,7/20/2022 8:04:47 PM,,
8739297430301963,KRISPY KREAM DRIVE IN,Approved,Mike James,Mike James,7/20/2022 7:26:28 PM,7/21/2022 11:53:20 AM,,7/20/2022 7:26:28 PM,7/21/2022 10:55:32 AM,,
8739297430301965,COMMONS HARDWARE INC,Approved,Mike James,Mike James,7/20/2022 7:10:22 PM,7/21/2022 12:29:05 PM,,7/20/2022 7:10:22 PM,7/21/2022 10:55:21 AM,,
,PANDA BREAK,Declined,Yang Li,Yang Li,7/20/2022 7:04:52 PM,,,7/20/2022 7:04:52 PM,7/20/2022 7:04:52 PM,7/21/2022 12:48:01 PM,
,Khrya Blast,Received,Taylor Hibbeler,HRSS - Conexus (Trinity),7/20/2022 7:01:48 PM,,,7/20/2022 7:01:48 PM,7/20/2022 7:07:49 PM,,
8739297430301964,SHELCO SEAFOOD CO,Approved,Mike James,Mike James,7/20/2022 6:39:19 PM,7/21/2022 12:28:53 PM,,7/20/2022 6:39:19 PM,7/21/2022 10:54:39 AM,,
8739299330302345,BAUTISTA WINDOW TINT,Approved,Nikki Smith,Nikki Smith,7/20/2022 6:12:34 PM,7/21/2022 7:02:43 AM,,7/20/2022 6:12:34 PM,7/20/2022 6:23:27 PM,,
554402000694281,Cielito Lindo Interior Mexican Cuisine,Approved,bill espinosa,BILL ESPINOSA,7/20/2022 6:01:30 PM,7/21/2022 6:23:44 AM,,7/20/2022 6:01:30 PM,7/20/2022 6:14:30 PM,,
,THE SHIPPING POST,Draft,Jonathan Gallup,Jonathan Gallup,7/20/2022 5:54:22 PM,,,7/20/2022 5:54:22 PM,,,
56310000007937,Ellijay Trump Store,Closed,Tom Johnson,Tom Johnson,7/20/2022 5:53:52 PM,7/21/2022 3:16:24 PM,,7/20/2022 5:53:52 PM,7/20/2022 10:30:32 PM,7/22/2022 9:31:06 AM,
,Asta Parking,Draft,Chad Tiedt,SimpliPay LLC,7/20/2022 5:51:52 PM,,,7/20/2022 5:51:52 PM,,,
,Asta Parking,Draft,Chad Tiedt,SimpliPay LLC,7/20/2022 5:37:35 PM,,,7/20/2022 5:37:35 PM,,,
554402050040690,PARTY MEX DULCES - PINATAS,Approved,Braeden Fustos,Braeden Fustos,7/20/2022 5:34:09 PM,7/21/2022 7:56:56 AM,,7/20/2022 5:34:09 PM,7/20/2022 5:56:49 PM,,
,Splendid Skinny,Received,Ella Smith,"HRSS - Adept Payments, Inc",7/20/2022 5:15:37 PM,,,7/20/2022 5:15:37 PM,7/20/2022 5:19:01 PM,,
554402050040682,THE GRANDE PAWLACE,Approved,ANTHONY  PEPPER,ANTHONY PEPPER,7/20/2022 5:04:26 PM,7/21/2022 7:15:16 AM,,7/20/2022 5:04:26 PM,7/20/2022 5:53:45 PM,,
56310000007927,Ohhh My Graphix,Approved,Tom Johnson,Tom Johnson,7/20/2022 5:01:02 PM,7/21/2022 8:22:40 AM,,7/20/2022 5:01:02 PM,7/20/2022 5:04:19 PM,,
,Dazzling Thin,Received,Ella Smith,"HRSS - Adept Payments, Inc",7/20/2022 4:58:15 PM,,,7/20/2022 4:58:15 PM,7/20/2022 5:19:07 PM,,
8739297540300573,Legendary Auto Glass and Mirror LLC,Approved,Jeannie Moreno,Convenient Payments LLC,7/20/2022 4:48:11 PM,7/20/2022 5:15:47 PM,,7/20/2022 4:48:11 PM,7/20/2022 5:08:51 PM,,
8739295300300099,CROSSFIT BLUR,Approved,Erik Verryden,NPS House,7/20/2022 4:32:36 PM,7/21/2022 2:00:04 PM,,7/20/2022 4:32:36 PM,7/20/2022 4:42:00 PM,,
56310000007941,Steel N' Magnolia Salon/Deborah,Approved,Tom Johnson,Tom Johnson,7/20/2022 4:28:11 PM,7/22/2022 8:37:37 AM,,7/20/2022 4:28:11 PM,7/20/2022 4:33:17 PM,,
554402050040765,AMERICAN SUN BUSTERS,Approved,Robby Richardson,Robby Richardson,7/20/2022 4:23:04 PM,7/21/2022 12:36:51 PM,,7/20/2022 4:23:04 PM,7/20/2022 4:43:26 PM,,
8739299330302342,GIGI'S ON THE RIVER,Approved,Jack Streeter,Jack Streeter2,7/20/2022 4:22:47 PM,7/21/2022 1:57:54 AM,,7/20/2022 4:22:47 PM,7/20/2022 4:34:24 PM,,
,All Pro Towing & AM-PM Towing,Pending,Josh Dempsey,Enhanced Payment Systems LLC,7/20/2022 4:16:02 PM,,,7/20/2022 4:16:02 PM,7/20/2022 4:27:09 PM,,
8739261000303040,The Pizza Professor,Approved,Rich Giaccio,"ACCPC - RG National Business Services, inc.",7/20/2022 4:15:37 PM,7/21/2022 2:31:48 AM,,7/20/2022 4:15:37 PM,7/20/2022 4:59:47 PM,,
,Reego Cream,Received,Mick Maimes,GLP,7/20/2022 4:10:49 PM,,,7/20/2022 4:10:49 PM,7/21/2022 2:20:19 PM,,
,Asta Parking,Draft,Chad Tiedt,SimpliPay LLC,7/20/2022 4:07:03 PM,,,7/20/2022 4:07:03 PM,,,
56310000007926,Steel N'Magnolia Salon,Approved,Tom Johnson,Tom Johnson,7/20/2022 4:00:26 PM,7/21/2022 7:26:35 AM,,7/20/2022 4:00:26 PM,7/20/2022 4:08:56 PM,,
,Protax Software LLC,Pending,Roberto Rivera,ROBERTO RIVERA PORTFOLIO,7/20/2022 3:46:25 PM,,,7/20/2022 3:46:25 PM,7/20/2022 3:46:25 PM,,
8739299330302344,ASIA'S TIRE SERVICE,Approved,JESSIE  COMPTON ,JESSIE COMPTON,7/20/2022 3:41:19 PM,7/21/2022 5:44:43 AM,,7/20/2022 3:41:19 PM,7/20/2022 4:47:55 PM,,
554402000694216,Buggy Bath Car Wash,Approved,Unitec DRB New,PPS_WASH_DRB,7/20/2022 3:40:44 PM,7/20/2022 3:46:06 PM,,7/20/2022 3:40:44 PM,7/20/2022 3:40:47 PM,,
554402050040674,RAULS THE ORIGINAL BURRITO EXPRESS,Approved,Lisa Filichia,Lisa Filichia,7/20/2022 3:30:28 PM,7/21/2022 3:17:17 AM,,7/20/2022 3:30:28 PM,7/20/2022 4:04:21 PM,,
,Fit Muscles Store,Received,Taylor Hibbeler,HRSS - Conexus (Trinity),7/20/2022 3:25:04 PM,,,7/20/2022 3:25:04 PM,7/20/2022 3:38:13 PM,,
,My Skin Sites,Received,Taylor Hibbeler,HRSS - Conexus (Trinity),7/20/2022 3:13:58 PM,,,7/20/2022 3:13:58 PM,7/20/2022 3:17:33 PM,,
554402000694240,Sunseri Pizza,Approved,Josh Dempsey,Enhanced Payment Systems LLC,7/20/2022 3:10:20 PM,7/20/2022 4:33:30 PM,,7/20/2022 3:10:20 PM,7/20/2022 3:10:55 PM,,
8739298245300113,Last Stop Auto Repair LLC,Approved,Patrick McCawley,Patrick McCawley,7/20/2022 3:04:43 PM,7/20/2022 4:43:54 PM,,7/20/2022 3:04:44 PM,7/20/2022 3:19:17 PM,,
56310000007923,LH MOBILE DETAILING,Approved,Luis Flores,Luis Flores,7/20/2022 2:57:50 PM,7/20/2022 6:11:25 PM,,7/20/2022 2:57:50 PM,7/20/2022 3:28:32 PM,,
,The BLUE ACE Marketing Group,Draft,Martin O'Keefe,Ensure Payment Solutions,7/20/2022 2:56:35 PM,,,7/20/2022 2:56:35 PM,,,
,My Muscle Sites,Received,Taylor Hibbeler,HRSS - Conexus (Trinity),7/20/2022 2:49:16 PM,,,7/20/2022 2:49:16 PM,7/20/2022 2:59:27 PM,,
8739296900300087,Hightech CB Shop,Approved,Gary King,Gary King,7/20/2022 2:47:26 PM,7/20/2022 8:23:46 PM,,7/20/2022 2:47:26 PM,7/20/2022 2:56:37 PM,,
,Richboi Investments,Draft,Roderick Ricks,Roderick Ricks,7/20/2022 2:46:44 PM,,,7/20/2022 2:46:44 PM,,,
,PHARAON MARKET,Declined,Don Hutter,Don Hutter,7/20/2022 2:42:34 PM,,,7/20/2022 2:42:34 PM,7/20/2022 2:53:02 PM,7/21/2022 9:27:03 AM,
8739299330302341,BAYSEAS CATFISH HOUSE #5,Approved,Enrique Jimenez,Enrique Jimenez,7/20/2022 2:42:23 PM,7/20/2022 5:42:07 PM,,7/20/2022 2:42:23 PM,7/20/2022 2:49:39 PM,,
,solidhealthpr8444221509,Received,Amanda Collazzo,BRANDON RODRIQUEZ,7/20/2022 2:41:10 PM,,,7/20/2022 2:41:10 PM,7/20/2022 2:45:49 PM,,
,BLESSED TOWING,Declined,Don Hutter,Don Hutter,7/20/2022 2:34:31 PM,,,7/20/2022 2:34:31 PM,7/20/2022 3:20:53 PM,7/21/2022 9:56:15 AM,
8739299330302347,OLGAS CAKES,Approved,Don Hutter,Don Hutter,7/20/2022 2:32:47 PM,7/21/2022 12:32:16 PM,,7/20/2022 2:32:48 PM,7/20/2022 2:55:19 PM,,
554402009789660,Shays Liquors,Approved,Zee Payment,Zee Payment,7/20/2022 2:07:34 PM,7/20/2022 6:39:45 PM,,7/20/2022 2:07:34 PM,7/20/2022 2:07:34 PM,,
8739299330302339,CITY AUTOMOTIVE COLLISION AND TOWING,Approved,Don Hutter,Don Hutter,7/20/2022 2:06:00 PM,7/20/2022 5:16:53 PM,,7/20/2022 2:06:00 PM,7/20/2022 2:12:22 PM,,
,Lucky Toys,Pending,Todd Richardson,Todd Richardson,7/20/2022 2:01:39 PM,,,7/20/2022 2:01:39 PM,7/20/2022 4:26:17 PM,,
554402050040773,FUEL BAR - 360,Approved,Austin Meador,Austin Meador,7/20/2022 1:58:51 PM,7/21/2022 12:42:11 PM,,7/20/2022 1:58:51 PM,7/20/2022 2:11:46 PM,,
,Inflatable VA,Pending,Sierra Kedzierski,Sierra Kedzierski,7/20/2022 1:55:03 PM,,,7/20/2022 1:55:03 PM,7/20/2022 2:06:18 PM,,
554402050040633,THE FUEL BAR,Approved,Austin Meador,Austin Meador,7/20/2022 1:50:10 PM,7/20/2022 4:50:22 PM,,7/20/2022 1:50:10 PM,7/20/2022 2:01:06 PM,,
,solidhealthcl8444220619,Received,Amanda Collazzo,BRANDON RODRIQUEZ,7/20/2022 1:43:50 PM,,,7/20/2022 1:43:50 PM,7/20/2022 2:35:34 PM,,
,Pine Tree Apple Tennis Classic,Draft,Tim Mueller,American Metro,7/20/2022 1:35:40 PM,,,7/20/2022 1:35:40 PM,,,
554402009789652,Buffalo Express,Approved,Reseller Maher,Reseller Maher,7/20/2022 1:23:04 PM,7/20/2022 5:28:34 PM,,7/20/2022 1:23:04 PM,7/20/2022 1:23:04 PM,,
8739299330302340,JOHNNY CASH TOWING & RECOVERY,Approved,Ashley Siegel,Ashley Siegel,7/20/2022 1:21:19 PM,7/20/2022 5:39:47 PM,,7/20/2022 1:21:19 PM,7/20/2022 1:37:54 PM,,
8739299330302355,WILLIE B LOCAL,Approved,Jennifer Cavness,Jennifer Cavness - Indigo,7/20/2022 1:14:29 PM,7/22/2022 9:40:49 AM,,7/20/2022 1:14:29 PM,7/20/2022 1:41:04 PM,,
,Carlson Paint & Design LLC,Draft,Chris Mills,Cork CRM,7/20/2022 1:06:04 PM,,,7/20/2022 1:06:04 PM,7/20/2022 1:06:04 PM,,
554402050040658,PIZZA JUNCTION,Approved,Sidney Warren,Sidney Warren,7/20/2022 12:49:54 PM,7/20/2022 5:19:05 PM,,7/20/2022 12:49:54 PM,7/20/2022 1:31:08 PM,,
554402050040625,MALL OF AFRICA RESTAURANT,Approved,Armando Hernandez2,Armando Hernandez2,7/20/2022 12:45:57 PM,7/20/2022 4:20:16 PM,,7/20/2022 12:45:57 PM,7/20/2022 2:31:17 PM,,
56310000007925,BASSIC AUDIO & PERFORMANCE,Approved,Shanqueena Harris,Shanqueena Harris,7/20/2022 12:42:06 PM,7/20/2022 7:12:25 PM,,7/20/2022 12:42:06 PM,7/20/2022 1:53:35 PM,,
,JM Foot Spa,Declined,Emily Hu,Emily Hu,7/20/2022 12:38:57 PM,,,7/20/2022 12:38:57 PM,7/20/2022 12:38:57 PM,7/20/2022 4:47:44 PM,
554402050040641,DEHOYOS AUTO SALES & REPAIR,Approved,Jack Portman,Jack Portman,7/20/2022 12:33:51 PM,7/20/2022 5:03:55 PM,,7/20/2022 12:33:51 PM,7/20/2022 12:41:34 PM,,
554402050040609,ITALIAN FRESH PIZZA,Approved,Mollie Morse,Mollie Morse,7/20/2022 12:20:55 PM,7/20/2022 2:54:01 PM,,7/20/2022 12:20:55 PM,7/20/2022 12:30:12 PM,,
,Tito's Auto Shop,Pending,Josh Dempsey,Enhanced Payment Systems LLC,7/20/2022 12:19:01 PM,,,7/20/2022 12:19:01 PM,7/20/2022 12:19:34 PM,,
554402000694257,5 Starr Hair,Approved,Debra   Holt,Enhanced House Accounts,7/20/2022 12:17:47 PM,7/20/2022 4:59:16 PM,,7/20/2022 12:17:47 PM,7/20/2022 12:21:56 PM,,
56310000007922,MIDWAY SALES,Approved,Jim Outman,Jim Outman,7/20/2022 12:13:03 PM,7/20/2022 5:13:04 PM,,7/20/2022 12:13:03 PM,7/20/2022 12:55:30 PM,,
554402000694273,Winfield's Chocolate Bar,Approved,Matt Clyne,PayTech Trust,7/20/2022 12:09:31 PM,7/20/2022 5:57:30 PM,,7/20/2022 12:09:31 PM,7/20/2022 3:49:14 PM,,
,Boomerang Grille,Draft,Robbie Stephenson,Triad Payments,7/20/2022 12:06:16 PM,,,7/20/2022 12:06:16 PM,,,
,El Guanajuato Restaurante LLC,Pending,Marc Walker,Liberty Bank,7/20/2022 12:02:16 PM,,,7/20/2022 12:02:16 PM,7/20/2022 12:13:35 PM,,
8739299330302338,CHROME AUTO REPAIR,Approved,Josiah  Calkins,Josiah Calkins,7/20/2022 11:57:39 AM,7/20/2022 4:32:01 PM,,7/20/2022 11:57:39 AM,7/20/2022 12:13:22 PM,,
8739297575300629,Kirklands Tanning,Approved,Ross Church,CashBack Corporation,7/20/2022 11:55:08 AM,7/20/2022 4:12:52 PM,,7/20/2022 11:55:08 AM,7/20/2022 11:55:08 AM,,
,WINE BARREL PLUS,Pending,Rob Stasiak,CBB,7/20/2022 11:52:06 AM,,,7/20/2022 11:52:06 AM,7/20/2022 11:57:38 AM,,
,Swap & Trade Pawn,Draft,Ryan Ader,Answered by Geeks,7/20/2022 11:45:38 AM,,,7/20/2022 11:45:38 AM,,,
554402050040740,EL JALAPENOS,Approved,Harley Miller,Harley Miller,7/20/2022 11:39:17 AM,7/21/2022 9:49:04 AM,,7/20/2022 11:39:18 AM,7/20/2022 11:49:36 AM,,
554402000694265,Fraser's Pub,Approved,Mark Coffey,Mark Coffey,7/20/2022 11:39:10 AM,7/20/2022 5:31:42 PM,,7/20/2022 11:39:10 AM,7/20/2022 1:19:50 PM,,
554402002223899,BOARDWALK PIZZERIA - NZ0,Approved,Louis Montella,Louis Montella NZ0,7/20/2022 11:35:14 AM,7/20/2022 5:12:58 PM,,7/20/2022 11:35:14 AM,7/20/2022 12:56:29 PM,,
554402050040732,FIESTA JALAPENOS-NR OHIO,Approved,Harley Miller,Harley Miller,7/20/2022 11:33:16 AM,7/21/2022 9:45:10 AM,,7/20/2022 11:33:16 AM,7/20/2022 11:46:03 AM,,
554402000694208,Ruby's Carwash LLC,Approved,Unitec DRB New,PPS_WASH_DRB,7/20/2022 11:25:02 AM,7/20/2022 3:35:15 PM,,7/20/2022 11:25:02 AM,7/20/2022 11:25:04 AM,,
8739298245300112,Aden Grocery,Approved,Patrick McCawley,Patrick McCawley,7/20/2022 11:24:54 AM,7/20/2022 1:13:55 PM,,7/20/2022 11:24:54 AM,7/20/2022 11:39:11 AM,,
,PRISTINE POOLS,Pending,Anthony Bilotti,Anthony Bilotti American 6.19,7/20/2022 11:18:39 AM,,,7/20/2022 11:18:39 AM,7/20/2022 12:01:42 PM,,
8739296960300800,XIU MASSAGE,Approved,Fu Zhou,TEAM FZ,7/20/2022 11:17:19 AM,7/20/2022 4:58:14 PM,,7/20/2022 11:17:19 AM,7/20/2022 12:05:27 PM,7/20/2022 5:01:27 PM,
,Off the Rails (Online),Draft,Lisa Degnan,INGAGE I.T.,7/20/2022 11:06:57 AM,,,7/20/2022 11:06:57 AM,,,
56310000007917,BARNHART AUTO SERVICE,Approved,Tom Biehle,Tom Biehle,7/20/2022 10:59:46 AM,7/20/2022 1:54:34 PM,,7/20/2022 10:59:46 AM,7/20/2022 11:45:05 AM,,
554402050040724,FIESTA HABANERO,Approved,Harley Miller,Harley Miller,7/20/2022 10:52:09 AM,7/21/2022 9:32:25 AM,,7/20/2022 10:52:09 AM,7/20/2022 11:35:03 AM,,
,The Best Cleaner,Pending,Minh Voduy,386- Minh Voduy- 9486,7/20/2022 10:42:43 AM,,,7/20/2022 10:42:43 AM,7/20/2022 11:39:23 AM,,
,Pengelly Market & Deli,Draft,Ziad Ibrahim,Ziad Ibrahim,7/20/2022 10:41:18 AM,,,7/20/2022 10:41:18 AM,,,
554402000694190,Red Crab Fredericksburg,Approved,Patrick McCawley,Patrick McCawley,7/20/2022 10:34:09 AM,7/20/2022 3:33:23 PM,,7/20/2022 10:34:09 AM,7/20/2022 10:58:24 AM,,
8739299330302334,PLUS MAIL,Approved,Michael Palmer,Michael Palmer,7/20/2022 10:33:35 AM,7/20/2022 12:40:55 PM,,7/20/2022 10:33:35 AM,7/20/2022 10:44:59 AM,,
,Tiffany Nails,Pending,Trang Nguyen,1001000 VNS Inside Sales,7/20/2022 10:33:14 AM,,,7/20/2022 10:33:14 AM,7/20/2022 11:09:18 AM,,
,WILLIES HOMEMADE SALSA E-COMM,Pending,DONNA  ROLLINS,DONNA ROLLINS,7/20/2022 10:17:45 AM,,,7/20/2022 10:17:45 AM,7/20/2022 10:25:16 AM,,
554402050040575,CRAVEN'S TOUCH,Approved,Gabriel  Grijalva,Gabriel Grijalva,7/20/2022 10:16:32 AM,7/20/2022 1:42:25 PM,,7/20/2022 10:16:32 AM,7/20/2022 10:26:57 AM,,
554402008002826,The Inn at Fairfield Beach,Approved,Mary Kate Gobleck,Reliance Merchant Services,7/20/2022 10:12:33 AM,7/21/2022 5:08:42 PM,,7/20/2022 10:12:33 AM,7/21/2022 9:42:21 AM,,
554402050040617,RS OPTICAL,Approved,Jack Portman,Jack Portman,7/20/2022 10:08:13 AM,7/20/2022 3:01:46 PM,,7/20/2022 10:08:13 AM,7/20/2022 10:57:34 AM,,
,CRYDER AND COMPANY LLC,Pending,Monica Hester,Monica Hester,7/20/2022 10:07:12 AM,,,7/20/2022 10:07:12 AM,7/21/2022 9:00:54 AM,,
554402050040567,JOHNNY'S PIZZERIA,Approved,Michael Stetzer,Michael Stetzer,7/20/2022 9:58:25 AM,7/20/2022 12:23:22 PM,,7/20/2022 9:58:25 AM,7/20/2022 10:07:08 AM,,
8739299330302336,WILLIES HOMEMADE SALSA,Approved,DONNA  ROLLINS,DONNA ROLLINS,7/20/2022 9:57:06 AM,7/20/2022 1:35:02 PM,,7/20/2022 9:57:06 AM,7/20/2022 10:11:52 AM,,
,Log Cabin- Delaney MOTO,Pending,Macy  Schoonover,"Kick Fees, LLC",7/20/2022 9:55:43 AM,,,7/20/2022 9:55:43 AM,7/20/2022 10:35:43 AM,,
8739298245300114,Magic Transmission Inc,Approved,Mitch Smith,Mitchal Smith,7/20/2022 9:52:12 AM,7/21/2022 8:51:13 AM,,7/20/2022 9:52:12 AM,7/20/2022 10:03:19 AM,,
8739297330300356,Sunlight Massage,Approved,Aaron Huang,Aaron Huang(Hao Yuan),7/20/2022 9:37:14 AM,7/20/2022 11:27:09 AM,,7/20/2022 9:37:14 AM,7/20/2022 9:37:14 AM,,
,RAMO AUTOMOTIVE,Pending,TIFFANY  KENISON,TIFFANY KENISON,7/20/2022 9:34:57 AM,,,7/20/2022 9:34:57 AM,7/20/2022 9:48:35 AM,,
554402000694224,VISION QUEST TATTOO,Approved,Jonathan Gallup,Jonathan Gallup,7/20/2022 9:21:37 AM,7/20/2022 4:18:37 PM,,7/20/2022 9:21:37 AM,7/20/2022 10:05:27 AM,,
8739299330302337,R.S. WINDOWS TINTING & AUTO ACCESSORIES INC,Approved,Emanuel  Drakes,Emanuel Drakes,7/20/2022 9:21:06 AM,7/20/2022 3:15:42 PM,,7/20/2022 9:21:06 AM,7/20/2022 11:35:36 AM,,
8739299330302331,SUBZI MANDI,Approved,AMBER  RILEY ,AMBER RILEY,7/20/2022 9:17:09 AM,7/20/2022 9:53:23 AM,,7/20/2022 9:17:09 AM,7/20/2022 9:28:49 AM,,
,reudilastingrushdiet.biz,Received,Seth Proper,HRSS - MerchantX LLC,7/20/2022 9:16:13 AM,,,7/20/2022 9:16:13 AM,7/20/2022 9:21:16 AM,,
,reudilastingmuscleshop.shop,Received,Seth Proper,HRSS - MerchantX LLC,7/20/2022 9:09:09 AM,,,7/20/2022 9:09:09 AM,7/20/2022 9:13:16 AM,,
,East Alabama Apothecary Specialty Pharmacy,Draft,Mike Davenport,Mike Davenport,7/20/2022 8:56:24 AM,,,7/20/2022 8:56:24 AM,,,
56310000007924,ProGreen Garden Center,Approved,Joe McKee,Priority Payments Midwest,7/20/2022 8:55:52 AM,7/20/2022 6:17:29 PM,,7/20/2022 8:55:52 AM,7/20/2022 3:09:14 PM,,
,reudilastingcleanglow.website,Received,Seth Proper,HRSS - MerchantX LLC,7/20/2022 8:49:51 AM,,,7/20/2022 8:49:51 AM,7/20/2022 9:08:03 AM,,
,jet it llc,Draft,Steve Pollack,ACCPC - Steve Pollack,7/20/2022 8:29:54 AM,,,7/20/2022 8:29:54 AM,,,
,Supreme Gift Brands,Received,Tim Reynolds,HRSS - Swoonlight,7/20/2022 1:46:31 AM,,,7/20/2022 1:46:31 AM,7/20/2022 1:50:34 AM,,
,Premier Amaze Labs,Received,Tim Reynolds,HRSS - Swoonlight,7/20/2022 1:19:50 AM,,,7/20/2022 1:19:51 AM,7/20/2022 1:25:18 AM,,
,Device Expression Unlimited,Received,Tim Reynolds,HRSS - Swoonlight,7/20/2022 1:04:29 AM,,,7/20/2022 1:04:29 AM,7/20/2022 1:12:39 AM,,
,Rocket,Draft,Tim Reynolds,HRSS - Swoonlight,7/20/2022 12:45:54 AM,,,7/20/2022 12:45:54 AM,,,
,MORNING STAR PROMOTIONS,Draft,Chris Fileti,Power Processing LLC,7/19/2022 8:31:45 PM,,,7/19/2022 8:31:45 PM,,,
8739297060300240,Tortas CM,Approved,Stefany Vargas,"WESTGATE SERVICES, LLC",7/19/2022 6:45:59 PM,7/21/2022 5:27:07 PM,,7/19/2022 6:45:59 PM,7/19/2022 6:45:59 PM,,
8739299330302329,SA CARS CREDIT SALES,Approved,AMBER  RILEY ,AMBER RILEY,7/19/2022 5:46:01 PM,7/20/2022 2:58:00 AM,,7/19/2022 5:46:01 PM,7/19/2022 6:01:01 PM,,
,Kiona Gift & Video,Draft,Julian Lopez,Julian Lopez,7/19/2022 5:43:26 PM,,,7/19/2022 5:43:26 PM,,,
8739299330302343,IVAN'S WINDOW TINTING,Approved,Jesus Carmona,Jesus Carmona,7/19/2022 5:31:12 PM,7/21/2022 2:52:44 AM,,7/19/2022 5:31:12 PM,7/19/2022 5:47:33 PM,,
8739298450300910,Waterford FFA Alumni,Approved,Dave Trumbo,Dave&Joe,7/19/2022 5:23:50 PM,7/21/2022 2:39:47 PM,,7/19/2022 5:23:50 PM,7/20/2022 6:10:57 PM,,
554402050040534,H&M KWIK STOP,Approved,Chris  Franks,Chris Franks,7/19/2022 5:19:44 PM,7/20/2022 12:59:17 AM,,7/19/2022 5:19:44 PM,7/19/2022 5:39:08 PM,,
8739298455300597,Exotic Nails,Approved,Brian Braverman,143- Brian Braverman- 9204,7/19/2022 5:18:12 PM,7/20/2022 2:52:48 AM,,7/19/2022 5:18:12 PM,7/19/2022 5:26:38 PM,,
56310000007914,Patriot Signs,Approved,Steve Sorrell,Steve Sorrell,7/19/2022 5:10:37 PM,7/20/2022 12:41:46 PM,,7/19/2022 5:10:37 PM,7/20/2022 9:38:00 AM,,
554402050040542,WESTON DAVERN CHOP SHOP,Approved,Robby Richardson,Robby Richardson,7/19/2022 5:08:39 PM,7/20/2022 3:25:56 AM,,7/19/2022 5:08:39 PM,7/19/2022 5:27:31 PM,,
554402000694307,Victoria Liquor,Approved,Kamy Jethani,JMS,7/19/2022 4:58:25 PM,7/21/2022 8:42:37 AM,,7/19/2022 4:58:25 PM,7/20/2022 9:20:42 AM,,
8739297575300628,Carpinteria Athletics,Approved,Ross Church,KickFees API,7/19/2022 4:41:37 PM,7/20/2022 12:26:39 PM,,7/19/2022 4:41:37 PM,7/19/2022 4:41:37 PM,,
554402000694323,Thrive Counseling - ONLINE,Approved,Trace Wendell,"Dharma Payment, LLC",7/19/2022 4:38:39 PM,7/21/2022 9:31:06 AM,,7/19/2022 4:38:39 PM,7/19/2022 4:47:28 PM,,
,SPORTS CARTEL BAR & GRILL,Pending,Keenan Hoover,Keenan Hoover,7/19/2022 4:38:38 PM,,,7/19/2022 4:38:38 PM,7/19/2022 5:00:01 PM,,
,Gorman's Heating & Cooling LLC,Pending,Timothy Banks,"Montana Merchant Services, Inc",7/19/2022 4:35:56 PM,,,7/19/2022 4:35:56 PM,7/19/2022 5:04:10 PM,,
8739299330302333,DRAIN CLEANING BROTHERS LLC,Approved,Michael  Blabaum,Michael Blabaum,7/19/2022 4:20:38 PM,7/20/2022 12:14:45 PM,,7/19/2022 4:20:38 PM,7/19/2022 5:10:35 PM,,
,IndyHumane MRVC,Received,Gina Clemmer,Clinic HQ,7/19/2022 4:20:02 PM,,,7/19/2022 4:20:02 PM,7/22/2022 12:59:34 PM,,
554402050040559,QWIK PACK & SHIP,Approved,Robby Richardson,Robby Richardson,7/19/2022 4:18:41 PM,7/20/2022 7:03:06 AM,,7/19/2022 4:18:41 PM,7/19/2022 4:54:23 PM,,
,Galaxy Arizona,Draft,Mark Brown,Mark Brown (Orange Sock),7/19/2022 4:08:17 PM,,,7/19/2022 4:08:17 PM,,,
,Bloody Point Mixing Co.,Pending,Ross Church,Carolina Payments,7/19/2022 4:02:51 PM,,,7/19/2022 4:02:51 PM,7/19/2022 4:02:51 PM,,
8739298720300076,Sooner Freight,Approved,Dave Miley,Integrated Payment Services,7/19/2022 3:59:38 PM,7/22/2022 12:00:57 PM,,7/19/2022 3:59:38 PM,7/19/2022 4:07:57 PM,,
,Rhino Shield Arizona,Draft,Mark Brown,Mark Brown (Orange Sock),7/19/2022 3:59:33 PM,,,7/19/2022 3:59:33 PM,,,
554402000694158,HARVARD SPIRITS & LIQUOR,Approved,Mo Shamout,"POS 360, INC.",7/19/2022 3:54:37 PM,7/20/2022 6:06:32 AM,,7/19/2022 3:54:37 PM,7/19/2022 4:05:50 PM,,
8739290200300014,Payment Operations - MPP Test 8566,Approved,Judson Test Agent,Test Accounts,7/19/2022 3:39:52 PM,7/19/2022 4:13:37 PM,,7/19/2022 3:39:53 PM,7/19/2022 3:42:18 PM,,
56310000007911,STAR INTERNATIONAL,Approved,Alex Shea,Alex Shea,7/19/2022 3:38:26 PM,7/19/2022 5:13:29 PM,,7/19/2022 3:38:27 PM,7/19/2022 3:48:31 PM,,
56610000000656,Payment Operations - MPP Test 5661,Approved,Judson Test Agent,Test Accounts,7/19/2022 3:37:45 PM,7/19/2022 4:12:04 PM,,7/19/2022 3:37:45 PM,7/19/2022 3:38:23 PM,,
554402009789645,Nail by Eva 88 Inc,Approved,Lucy Dong,Universal General,7/19/2022 3:33:50 PM,7/20/2022 9:25:28 AM,,7/19/2022 3:33:50 PM,7/19/2022 3:33:50 PM,,
554402050040526,PLAYFUL PAWS GROOMING,Approved,Gabriel  Grijalva,Gabriel Grijalva,7/19/2022 3:15:34 PM,7/19/2022 6:28:43 PM,,7/19/2022 3:15:34 PM,7/19/2022 3:29:49 PM,,
554402000694141,Grand Nickel Party Store,Approved,Ziad Ibrahim,Ziad Ibrahim,7/19/2022 3:12:10 PM,7/19/2022 6:06:48 PM,,7/19/2022 3:12:11 PM,7/19/2022 3:30:34 PM,,
,RIVERA TIRES OF HOLLYWOOD,Pending,Jo Rivera,Jo Rivera,7/19/2022 3:07:01 PM,,,7/19/2022 3:07:01 PM,7/19/2022 3:15:55 PM,,
554402050040583,WICKED DIESEL,Approved,JESSIE  COMPTON ,JESSIE COMPTON,7/19/2022 2:52:44 PM,7/20/2022 2:11:05 PM,,7/19/2022 2:52:44 PM,7/19/2022 3:07:37 PM,,
,Alpha Travel,Pending,Josh Dempsey,Enhanced Payment Systems LLC,7/19/2022 2:46:20 PM,,,7/19/2022 2:46:20 PM,7/19/2022 2:46:56 PM,,
8739296430300601,All Saints Church,Approved,Mike Galletta,First National Bank of Sycamore,7/19/2022 2:46:03 PM,7/20/2022 8:16:55 PM,,7/19/2022 2:46:04 PM,7/20/2022 9:10:32 AM,,
,RNK Direct Sales,Declined,Jon Saluk,ACCPC - Jonathan Saluk/PPS Pompano Beach,7/19/2022 2:38:04 PM,,,7/19/2022 2:38:04 PM,7/19/2022 3:42:38 PM,7/21/2022 11:57:58 AM,
554402050040708,THE PIRATE BAY TATTOO & BODY PIERCING,Approved,Sidney Warren,Sidney Warren,7/19/2022 2:29:46 PM,7/21/2022 9:03:56 AM,,7/19/2022 2:29:46 PM,7/19/2022 2:40:31 PM,,
,MONROE MOTOR CO.,Draft,Mariah Graham,Team Sparta,7/19/2022 2:26:59 PM,,,7/19/2022 2:27:00 PM,,,
,Health Spa,Declined,Aaron Huang,Aaron Huang(Hao Yuan),7/19/2022 1:50:59 PM,,,7/19/2022 1:50:59 PM,7/19/2022 1:50:59 PM,7/19/2022 4:54:49 PM,
,McClintock Tattoo,Draft,Gary Peterson,Arlington Heights Merchant Banc,7/19/2022 1:45:03 PM,,,7/19/2022 1:45:03 PM,,,
554402000694109,Oswego Area Chamber of Commerce,Approved,Mark Bernstein,"Progressive Business Solutions, LLC",7/19/2022 1:33:36 PM,7/19/2022 4:52:45 PM,,7/19/2022 1:33:36 PM,7/19/2022 2:02:53 PM,,
554402000694125,CALDERON SUPERMARKET RESTAURANT & DELI,Approved,Kirk Gerhardt,Kirk Gerhardt,7/19/2022 1:19:13 PM,7/19/2022 5:23:51 PM,,7/19/2022 1:19:13 PM,7/19/2022 2:05:20 PM,,
,US Respiratory LLC,Pending,Josh Dempsey,Enhanced Payment Systems LLC,7/19/2022 1:01:38 PM,,,7/19/2022 1:01:38 PM,7/19/2022 1:02:15 PM,,
,Sofia Massage,Cancelled,Aaron Huang,Aaron Huang(Hao Yuan),7/19/2022 12:54:11 PM,,,7/19/2022 12:54:11 PM,7/19/2022 12:54:11 PM,,
554402050040518,SAN MIGUEL RESTAURANTE,Approved,Deming Payne,Deming Payne,7/19/2022 12:49:11 PM,7/19/2022 5:47:41 PM,,7/19/2022 12:49:11 PM,7/19/2022 2:08:53 PM,,
,ABDULS AUTO SALES,Pending,AMBER  RILEY ,AMBER RILEY,7/19/2022 12:46:14 PM,,,7/19/2022 12:46:14 PM,7/19/2022 1:18:55 PM,,
56310000007918,Masters Touch Custom Interior,Approved,Robert Zimbalist,SCORE - Robert Zimbalist/CD,7/19/2022 12:39:41 PM,7/20/2022 4:12:14 PM,,7/19/2022 12:39:41 PM,7/19/2022 1:03:20 PM,,
,TRULY KETO,Pending,Mike Segura,HRSS - Group ISO,7/19/2022 12:37:50 PM,,,7/19/2022 12:37:50 PM,7/19/2022 1:07:18 PM,,
,Texas City Massage,Declined,Aaron Huang,Aaron Huang(Hao Yuan),7/19/2022 12:24:32 PM,,,7/19/2022 12:24:32 PM,7/19/2022 12:24:32 PM,7/19/2022 12:58:59 PM,
554402050040500,ADVENTURE CYCLING,Approved,Bruce Robinson,Bruce Robinson2,7/19/2022 12:23:44 PM,7/19/2022 4:22:43 PM,,7/19/2022 12:23:44 PM,7/19/2022 12:45:03 PM,,
56310000007942,AUTO CARE PLUS,Approved,Phyllis Sell,Phyllis Sell,7/19/2022 12:18:33 PM,7/22/2022 10:43:35 AM,,7/19/2022 12:18:33 PM,7/19/2022 12:24:54 PM,,
,HARLEY'S GARAGE,Pending,Bruce Robinson,Bruce Robinson2,7/19/2022 12:16:57 PM,,,7/19/2022 12:16:57 PM,7/19/2022 5:24:51 PM,,
8739297545300084,Highland Cleaners,Approved,Robin Turkell,PCBancard,7/19/2022 12:00:27 PM,7/19/2022 5:19:20 PM,,7/19/2022 12:00:27 PM,7/19/2022 12:02:42 PM,,
8739297545300085,Comet Cleaners,Approved,Robin Turkell,PCBancard,7/19/2022 11:38:43 AM,7/19/2022 5:31:51 PM,,7/19/2022 11:38:43 AM,7/19/2022 11:43:39 AM,,
56310000007910,Dexter's Inn,Approved,Kyle Morgan,MPI,7/19/2022 11:26:43 AM,7/19/2022 3:47:38 PM,,7/19/2022 11:26:43 AM,7/19/2022 11:39:00 AM,,
8739299330302326,SAHEL RESTAURANT & LOUNGE,Approved,Robert Fojo,Robert Fojo,7/19/2022 11:22:49 AM,7/19/2022 4:03:49 PM,,7/19/2022 11:22:49 AM,7/19/2022 11:52:17 AM,,
,samuelson Furniture,Draft,Steve Pollack,ACCPC - Steve Pollack,7/19/2022 10:52:18 AM,,,7/19/2022 10:52:18 AM,,,
8739299330302325,COTTONWOOD PET RESORT,Approved,Ricky Hoffman,Ricky Hoffman - Carbon TM,7/19/2022 10:52:02 AM,7/19/2022 3:38:31 PM,,7/19/2022 10:52:02 AM,7/19/2022 11:21:37 AM,,
554402050040799,CARNICERIA LOS AMIGOS,Approved,Wilmer Gutierrez,Wilmer Gutierrez,7/19/2022 10:50:42 AM,7/21/2022 3:12:51 PM,,7/19/2022 10:50:42 AM,7/19/2022 11:22:37 AM,,
,Quail Run Farm LLC,Draft,Jonathan Gabel,Priority Payments South Florida,7/19/2022 10:50:40 AM,,,7/19/2022 10:50:40 AM,,,
8739292500304480,BOARDWALK PIZZERIA - NZ0,Approved,Louis Montella,Louis Montella NZ0,7/19/2022 10:49:33 AM,7/19/2022 3:33:28 PM,,7/19/2022 10:49:33 AM,7/19/2022 12:38:32 PM,,
,Make Your Mark Customs,Pending,Marc Walker,Liberty Bank,7/19/2022 10:49:01 AM,,,7/19/2022 10:49:01 AM,7/20/2022 12:53:01 PM,,
,Brilliant Alpha Amazing No2,Cancelled,Ella Smith,"HRSS - Adept Payments, Inc",7/19/2022 10:46:03 AM,,,7/19/2022 10:46:03 AM,7/19/2022 10:48:16 AM,,
554402050040492,CARMART AUTOMOTIVE,Approved,Bruce Robinson,Bruce Robinson2,7/19/2022 10:45:07 AM,7/19/2022 2:23:36 PM,,7/19/2022 10:45:07 AM,7/19/2022 10:58:37 AM,,
8739292500304481,ADVANTAGE CHEVROLET - SERVICE & PARTS,Approved,Ken Wood,Ken Wood,7/19/2022 10:39:14 AM,7/19/2022 5:33:40 PM,,7/19/2022 10:39:14 AM,7/19/2022 11:38:39 AM,,
,Alpha Beauty Perfect Look,Cancelled,Ella Smith,"HRSS - Adept Payments, Inc",7/19/2022 10:35:24 AM,,,7/19/2022 10:35:24 AM,7/19/2022 10:48:23 AM,,
,Alpha Awesome Couture Shape,Cancelled,Ella Smith,"HRSS - Adept Payments, Inc",7/19/2022 10:27:02 AM,,,7/19/2022 10:27:02 AM,7/19/2022 10:48:33 AM,,
,Castaways Island Rentals LLC,Draft,Jonathan Gabel,Priority Payments South Florida,7/19/2022 10:24:33 AM,,,7/19/2022 10:24:33 AM,,,
,TEXAS RECYCLING SOLUTIONS,Pending,AKRH Holdings,AKRH Holdings,7/19/2022 10:23:04 AM,,,7/19/2022 10:23:04 AM,7/19/2022 11:18:10 AM,,
554402000694117,Dairy Queen of New Smyrna,Approved,David Campbell,Merchant Advantage Technologies,7/19/2022 10:13:30 AM,7/19/2022 4:53:20 PM,,7/19/2022 10:13:30 AM,7/19/2022 1:41:24 PM,,
,PART OF THE VINE MINISTRIES,Pending,David  Leighton,David leighton,7/19/2022 10:09:13 AM,,,7/19/2022 10:09:14 AM,7/19/2022 12:59:33 PM,,
,Big Boys Toys Hernando Beach,Pending,Pam Farmer,Banc Card of America,7/19/2022 10:04:58 AM,,,7/19/2022 10:04:58 AM,7/22/2022 8:20:46 AM,,
8739299330302323,RASPADOS HAWAIIAN LLC,Approved,Justin Lowrance,Justin Lowrance,7/19/2022 10:02:59 AM,7/19/2022 1:41:36 PM,,7/19/2022 10:02:59 AM,7/19/2022 10:29:21 AM,,
8739293600300534,Dave's Cleaners,Approved,Charles Motz,Charles Motz,7/19/2022 10:00:00 AM,7/20/2022 6:31:19 AM,,7/19/2022 10:00:00 AM,7/19/2022 4:17:24 PM,,
554402000694067,Wilber's,Approved,William Jeeves,WILLIAM JEEVES,7/19/2022 9:49:50 AM,7/19/2022 12:41:37 PM,,7/19/2022 9:49:50 AM,7/19/2022 10:57:50 AM,,
8739292500304482,ADVANTAGE CHEVROLET - NZ0,Approved,Ken Wood,Ken Wood NZ0,7/19/2022 9:32:33 AM,7/19/2022 5:46:10 PM,,7/19/2022 9:32:33 AM,7/19/2022 11:33:44 AM,,
,Mona Mint Co,Pending,Abby  Rodriguez,Digipay,7/19/2022 9:29:51 AM,,,7/19/2022 9:29:51 AM,7/19/2022 9:32:32 AM,,
,Northside Village,Under Review,Hunt Halford,Level 3 Transactions,7/19/2022 9:27:27 AM,,,7/19/2022 9:27:27 AM,7/21/2022 1:48:03 PM,,
8739297430301962,Dragon's Den TCG,Approved,Melissa  Cordova,Binder POS,7/19/2022 9:25:59 AM,7/19/2022 11:28:29 AM,,7/19/2022 9:25:59 AM,7/19/2022 9:32:37 AM,,
8739297575300627,Jalisco Tienia Y Torilleria,Approved,Ross Church,Carolina Payments,7/19/2022 8:38:13 AM,7/20/2022 9:01:41 AM,,7/19/2022 8:38:13 AM,7/19/2022 8:38:13 AM,,
8739296600300098,Mi Pueblo on Wheels,Approved,Ryan Lockee,Consistent Growth,7/19/2022 8:38:10 AM,7/21/2022 7:55:13 AM,,7/19/2022 8:38:10 AM,7/19/2022 8:02:59 PM,,
,ABUNDANT LIVING ORGANIC FOODS,Pending,Genesis Blanco,AMS HOUSE,7/19/2022 8:37:15 AM,,,7/19/2022 8:37:15 AM,7/19/2022 8:40:36 AM,,
,Galaxy Indiana,Draft,Mark Brown,Mark Brown (Orange Sock),7/19/2022 7:29:12 AM,,,7/19/2022 7:29:12 AM,,,
,Holiday Liquor,Draft,Muhammed Haque,Priority Payment Systems Golden State,7/19/2022 3:05:33 AM,,,7/19/2022 3:05:33 AM,,,
8739298450300909,Queens Of Nails,Approved,Julian Lopez,Julian Lopez,7/19/2022 12:56:10 AM,7/19/2022 3:12:33 PM,,7/19/2022 12:56:11 AM,7/19/2022 11:23:20 AM,,
554402000694083,Great Western Screen Printing,Approved,Scott Espenship,Priority Payments Florida East Coast,7/19/2022 12:11:52 AM,7/19/2022 4:28:23 PM,,7/19/2022 12:11:52 AM,7/19/2022 12:27:28 AM,,
